{
	"credit": "Created with Blockbench [Exported as resourcepack with the \"resourcepack_packager\" plugin]",
	"texture_size": [64, 64],
	"textures": {
		"0": "block/stone/small_chest",
		"particle": "block/stone/small_chest"
	},
	"elements": [
		{
			"from": [2, 1, 2],
			"to": [14, 9, 3],
			"rotation": {"angle": 0, "axis": "y", "origin": [8, 4.5, 8]},
			"faces": {
				"north": {"uv": [9.5, 0.25, 12.5, 2.25], "texture": "#0"},
				"east": {"uv": [9.25, 0.25, 9.5, 2.25], "texture": "#0"},
				"south": {"uv": [12.75, 0.25, 15.75, 2.25], "texture": "#0"},
				"west": {"uv": [12.5, 0.25, 12.75, 2.25], "texture": "#0"},
				"up": {"uv": [12.5, 0.25, 9.5, 0], "texture": "#0"},
				"down": {"uv": [15.5, 0, 12.5, 0.25], "texture": "#0"}
			}
		},
		{
			"from": [2, 1, 13],
			"to": [14, 9, 14],
			"rotation": {"angle": 0, "axis": "y", "origin": [8, 4.5, 19]},
			"faces": {
				"north": {"uv": [9.25, 7.75, 12.25, 9.75], "texture": "#0"},
				"east": {"uv": [9, 7.75, 9.25, 9.75], "texture": "#0"},
				"south": {"uv": [12.5, 7.75, 15.5, 9.75], "texture": "#0"},
				"west": {"uv": [12.25, 7.75, 12.5, 9.75], "texture": "#0"},
				"up": {"uv": [12.25, 7.75, 9.25, 7.5], "texture": "#0"},
				"down": {"uv": [15.25, 7.5, 12.25, 7.75], "texture": "#0"}
			}
		},
		{
			"from": [2, 1, 3],
			"to": [3, 9, 13],
			"rotation": {"angle": 0, "axis": "y", "origin": [8, 4.5, 18]},
			"faces": {
				"north": {"uv": [8.25, 10, 8.5, 12], "texture": "#0"},
				"east": {"uv": [5.75, 10, 8.25, 12], "texture": "#0"},
				"south": {"uv": [11, 10, 11.25, 12], "texture": "#0"},
				"west": {"uv": [8.5, 10, 11, 12], "texture": "#0"},
				"up": {"uv": [8.5, 10, 8.25, 7.5], "texture": "#0"},
				"down": {"uv": [8.75, 7.5, 8.5, 10], "texture": "#0"}
			}
		},
		{
			"from": [13, 1, 3],
			"to": [14, 9, 13],
			"rotation": {"angle": 0, "axis": "y", "origin": [19, 4.5, 18]},
			"faces": {
				"north": {"uv": [2.5, 10, 2.75, 12], "texture": "#0"},
				"east": {"uv": [0, 10, 2.5, 12], "texture": "#0"},
				"south": {"uv": [5.25, 10, 5.5, 12], "texture": "#0"},
				"west": {"uv": [2.75, 10, 5.25, 12], "texture": "#0"},
				"up": {"uv": [2.75, 10, 2.5, 7.5], "texture": "#0"},
				"down": {"uv": [3, 7.5, 2.75, 10], "texture": "#0"}
			}
		},
		{
			"from": [2, 0, 2],
			"to": [14, 1, 14],
			"rotation": {"angle": 0, "axis": "y", "origin": [18, 4.5, 18]},
			"faces": {
				"north": {"uv": [3, 7, 6, 7.25], "texture": "#0"},
				"east": {"uv": [0, 7, 3, 7.25], "texture": "#0"},
				"south": {"uv": [9, 7, 12, 7.25], "texture": "#0"},
				"west": {"uv": [6, 7, 9, 7.25], "texture": "#0"},
				"up": {"uv": [6, 7, 3, 4], "texture": "#0"},
				"down": {"uv": [9, 4, 6, 7], "texture": "#0"}
			}
		},
		{
			"from": [2, 9, 2],
			"to": [14, 12, 14],
			"rotation": {"angle": 0, "axis": "y", "origin": [0, 9, 6]},
			"faces": {
				"north": {"uv": [3, 3, 6, 3.75], "texture": "#0"},
				"east": {"uv": [0, 3, 3, 3.75], "texture": "#0"},
				"south": {"uv": [9, 3, 12, 3.75], "texture": "#0"},
				"west": {"uv": [6, 3, 9, 3.75], "texture": "#0"},
				"up": {"uv": [6, 3, 3, 0], "texture": "#0"},
				"down": {"uv": [9, 0, 6, 3], "texture": "#0"}
			}
		},
		{
			"from": [7, 8, 1],
			"to": [9, 11, 2],
			"rotation": {"angle": 0, "axis": "y", "origin": [0, 8.5, -6.5]},
			"faces": {
				"north": {"uv": [0.25, 0.25, 0.75, 1], "texture": "#0"},
				"east": {"uv": [0, 0.25, 0.25, 1], "texture": "#0"},
				"south": {"uv": [1, 0.25, 1.5, 1], "texture": "#0"},
				"west": {"uv": [0.75, 0.25, 1, 1], "texture": "#0"},
				"up": {"uv": [0.75, 0.25, 0.25, 0], "texture": "#0"},
				"down": {"uv": [1.25, 0, 0.75, 0.25], "texture": "#0"}
			}
		}
	],
	"display": {
		"thirdperson_righthand": {
			"rotation": [75, 45, 0],
			"translation": [0, 2.5, 0],
			"scale": [0.375, 0.375, 0.375]
		},
		"thirdperson_lefthand": {
			"rotation": [75, 45, 0],
			"translation": [0, 2.5, 0],
			"scale": [0.375, 0.375, 0.375]
		},
		"firstperson_righthand": {
			"rotation": [0, 45, 0],
			"scale": [0.4, 0.4, 0.4]
		},
		"firstperson_lefthand": {
			"rotation": [0, 225, 0],
			"scale": [0.4, 0.4, 0.4]
		},
		"ground": {
			"translation": [0, 3, 0],
			"scale": [0.25, 0.25, 0.25]
		},
		"gui": {
			"rotation": [30, 225, 0],
			"scale": [0.625, 0.625, 0.625]
		},
		"head": {
			"translation": [0, 2.5, 0],
			"scale": [1.2207, 1.1582, 1]
		}
	},
	"groups": [
		{
			"name": "main",
			"origin": [0, 4.5, 0],
			"color": 0,
			"children": [
				0,
				1,
				2,
				3,
				4,
				{
					"name": "lid",
					"origin": [0, 9, 6],
					"rotation": [0, 0, 0],
					"color": 0,
					"children": [5, 6]
				}
			]
		}
	]
}